{
  "version": 1,
  "author": "The Bin - Hack Club",
  "editor": "wokwi",
  "parts": [
    { "type": "board-pi-pico-w", "id": "pico", "top": 265.55, "left": -150.05, "attrs": {} },
    {
      "type": "wokwi-pir-motion-sensor",
      "id": "wokwi-pir-motion-sensor-0",
      "top": 263.2,
      "left": -256.98,
      "attrs": {}
    },
    {
      "type": "wokwi-max7219-matrix",
      "id": "wokwi-max7219-matrix-0",
      "top": 183,
      "left": -168.99,
      "attrs": {}
    },
    {
      "type": "wokwi-relay-module",
      "id": "wokwi-relay-module-0",
      "top": 480.2,
      "left": -172.8,
      "attrs": {}
    },
    {
      "type": "wokwi-mpu6050",
      "id": "wokwi-mpu6050-0",
      "top": 234.22,
      "left": -55.28,
      "attrs": {}
    },
    {
      "type": "wokwi-hc-sr04",
      "id": "wokwi-hc-sr04-0",
      "top": 155.1,
      "left": -340.1,
      "attrs": {}
    },
    { "type": "wokwi-ky-040", "id": "wokwi-ky-040-0", "top": 366.5, "left": -288.8, "attrs": {} },
    { "type": "wokwi-servo", "id": "wokwi-servo-0", "top": 334, "left": -38.4, "attrs": {} },
    {
      "type": "wokwi-neopixel",
      "id": "wokwi-neopixel-0",
      "top": 342.1,
      "left": -183.4,
      "attrs": {}
    }
  ],
  "connections": [
    [ "pico:GP0", "$serialMonitor:RX", "", [] ],
    [ "pico:GP1", "$serialMonitor:TX", "", [] ],
    [ "wokwi-servo-0:GND", "pico:GND.6", "black", [ "h-38.4", "v67.2", "h48" ] ],
    [ "wokwi-pir-motion-sensor-0:OUT", "pico:GP2", "green", [ "v0" ] ],
    [ "wokwi-pir-motion-sensor-0:GND", "pico:GND.1", "black", [ "v0" ] ],
    [ "wokwi-ky-040-0:GND", "pico:GND.2", "black", [ "h0" ] ],
    [ "wokwi-ky-040-0:CLK", "pico:GP3", "green", [ "h0" ] ],
    [ "wokwi-ky-040-0:DT", "pico:GP4", "green", [ "h0" ] ],
    [ "wokwi-mpu6050-0:GND", "pico:GND.8", "black", [ "v0" ] ],
    [ "wokwi-neopixel-0:DIN", "pico:GP5", "green", [ "h0" ] ],
    [ "wokwi-hc-sr04-0:GND", "pico:GND.3", "black", [ "v0" ] ],
    [ "wokwi-hc-sr04-0:ECHO", "pico:GP0", "green", [ "v0" ] ],
    [ "wokwi-max7219-matrix-0:GND", "pico:GND.6", "black", [ "h0" ] ],
    [ "wokwi-max7219-matrix-0:DIN", "pico:GP7", "green", [ "h0" ] ],
    [ "pico:GND.6", "pico:GND.7", "black", [ "h0" ] ],
    [ "wokwi-relay-module-0:GND", "pico:GND.5", "black", [ "h0" ] ],
    [ "wokwi-relay-module-0:IN", "pico:GP8", "green", [ "h0" ] ]
  ],
  "dependencies": {}
}