{
  "version": 1,
  "author": "The Bin - Hack Club",
  "editor": "wokwi",
  "parts": [
    { "type": "board-pi-pico-w", "id": "pico", "top": 179.15, "left": -188.45, "attrs": {} },
    {
      "type": "wokwi-pir-motion-sensor",
      "id": "wokwi-pir-motion-sensor-0",
      "top": 176.8,
      "left": -93.78,
      "attrs": {}
    },
    {
      "type": "wokwi-max7219-matrix",
      "id": "wokwi-max7219-matrix-0",
      "top": 173.4,
      "left": 13.41,
      "attrs": {}
    },
    {
      "type": "wokwi-relay-module",
      "id": "wokwi-relay-module-0",
      "top": 317,
      "left": -38.4,
      "attrs": {}
    },
    {
      "type": "wokwi-mpu6050",
      "id": "wokwi-mpu6050-0",
      "top": 243.82,
      "left": 165.52,
      "attrs": {}
    },
    {
      "type": "wokwi-hc-sr04",
      "id": "wokwi-hc-sr04-0",
      "top": 462.3,
      "left": -128.9,
      "attrs": {}
    },
    { "type": "wokwi-ky-040", "id": "wokwi-ky-040-0", "top": 424.1, "left": 133.6, "attrs": {} },
    { "type": "wokwi-servo", "id": "wokwi-servo-0", "top": 535.6, "left": 76.8, "attrs": {} },
    {
      "type": "wokwi-neopixel",
      "id": "wokwi-neopixel-0",
      "top": 332.5,
      "left": 267.8,
      "attrs": {}
    }
  ],
  "connections": [ [ "pico:GP0", "$serialMonitor:RX", "", [] ], [ "pico:GP1", "$serialMonitor:TX", "", [] ] ],
  "dependencies": {}
}