{
  "version": 1,
  "author": "The Bin - Hack Club",
  "editor": "wokwi",
  "parts": [
    { "type": "board-pi-pico-w", "id": "pico", "top": 265.55, "left": -150.05, "attrs": {} },
    {
      "type": "wokwi-pir-motion-sensor",
      "id": "wokwi-pir-motion-sensor-0",
      "top": 263.2,
      "left": -256.98,
      "attrs": {}
    },
    {
      "type": "wokwi-max7219-matrix",
      "id": "wokwi-max7219-matrix-0",
      "top": 135,
      "left": -101.79,
      "attrs": {}
    },
    {
      "type": "wokwi-relay-module",
      "id": "wokwi-relay-module-0",
      "top": 557,
      "left": -230.4,
      "attrs": {}
    },
    {
      "type": "wokwi-mpu6050",
      "id": "wokwi-mpu6050-0",
      "top": 243.82,
      "left": 165.52,
      "attrs": {}
    },
    { "type": "wokwi-hc-sr04", "id": "wokwi-hc-sr04-0", "top": 548.7, "left": -61.7, "attrs": {} },
    { "type": "wokwi-ky-040", "id": "wokwi-ky-040-0", "top": 366.5, "left": -288.8, "attrs": {} },
    { "type": "wokwi-servo", "id": "wokwi-servo-0", "top": 334, "left": -38.4, "attrs": {} },
    {
      "type": "wokwi-neopixel",
      "id": "wokwi-neopixel-0",
      "top": 332.5,
      "left": 267.8,
      "attrs": {}
    }
  ],
  "connections": [
    [ "pico:GP0", "$serialMonitor:RX", "", [] ],
    [ "pico:GP1", "$serialMonitor:TX", "", [] ],
    [ "wokwi-servo-0:GND", "pico:GND.6", "black", [ "h-38.4", "v67.2", "h48" ] ],
    [ "wokwi-pir-motion-sensor-0:OUT", "pico:GP2", "green", [ "v0" ] ],
    [ "wokwi-pir-motion-sensor-0:GND", "pico:GND.1", "black", [ "v0" ] ],
    [ "wokwi-ky-040-0:GND", "pico:GND.2", "black", [ "h0" ] ],
    [ "wokwi-ky-040-0:CLK", "pico:GP3", "green", [ "h0" ] ],
    [ "wokwi-ky-040-0:DT", "pico:GP4", "green", [ "h0" ] ]
  ],
  "dependencies": {}
}